"","wl","downwell1","downwell2"
"1",300,0.000706373142809657,0.000966233999951749
"2",301,-9.57252363359566e-05,0.000296759393113947
